"attainment","fsm","esl","SEN","white","blk.car","blk.afr","indian","pakistani","bangladeshi","chinese","coe","rc","vol.con","other.faith","selective","Easting","Northing","Long","Lat"
27,0.634,0.586,0.034,0.23,0.012,0.169,0.009,0.019,0.219,0.021,0,0,0,0,0,529733,186496,-0.1298076,51.562429
29,0.398,0.384,0,0.343,0.095,0.105,0.006,0.006,0.078,0.005,0,0,0,0,0,529020,187023,-0.13989455,51.567329
26.4,0.68,0.952,0.04,0.025,0.016,0.257,0.006,0.007,0.517,0,0,0,0,0,0,527842,182833,-0.15840238,51.529942
27.3,0.409,0.294,0.01,0.234,0.062,0.15,0.038,0.062,0.086,0,0,0,0,0,0,525182,185772,-0.19568425,51.55695
28.3,0.418,0.262,0.046,0.513,0,0.081,0,0,0.029,0,0,0,0,0,0,530130,186087,-0.12423485,51.558662
30,0.349,0.353,0.018,0.269,0.045,0.149,0.008,0,0.143,0.02,0,0,0,0,0,528663,184769,-0.1458664,51.547154
28.1,0.43,0.52,0.008,0.107,0.069,0.211,0,0,0.053,0.006,0,1,0,0,0,527877,184335,-0.15735303,51.543432
27.5,0.411,0.421,0.061,0.419,0,0.172,0.023,0.009,0.096,0,0,0,0,0,0,527689,187425,-0.15894154,51.571244
28.7,0.248,0.316,0.023,0.231,0.04,0.255,0.008,0,0.005,0.014,0,1,0,0,0,526423,186896,-0.17738908,51.566775
28.1,0.221,0.262,0.017,0.429,0.099,0.202,0.032,0.031,0,0.003,0,0,0,0,0,543265,175743,0.0609156,51.462535
27.7,0.459,0.368,0,0.397,0.033,0.226,0.052,0.032,0.013,0.004,0,0,0,0,0,545452,176262,0.092588521,51.466641
26.5,0.612,0.565,0.046,0.369,0.047,0.271,0.015,0.006,0.001,0.003,0,0,0,0,0,542136,176164,0.04484388,51.466602
26.4,0.415,0.472,0.018,0.411,0.039,0.205,0.05,0.005,0.029,0.02,0,0,0,0,0,546597,181768,0.11134513,51.51582
27,0.415,0.122,0.002,0.728,0.01,0.047,0.008,0.01,0.006,0.013,0,0,0,0,0,542111,172835,0.043148168,51.436695
26.3,0.446,0.195,0.033,0.588,0,0.101,0.033,0,0.012,0,0,0,0,0,0,546245,174467,0.10325493,51.450308
27.8,0.358,0.209,0.086,0.506,0.028,0.125,0.011,0.009,0.019,0.019,0,0,0,0,0,541862,176765,0.041143009,51.472072
26.7,0.444,0.306,0,0.401,0.079,0.156,0.033,0,0.054,0.021,0,0,1,0,0,538556,176016,-0.006718932,51.46616
28.4,0.184,0.49,0,0.22,0.041,0.363,0.004,0.005,0,0,0,1,0,0,0,537265,177359,-0.024771199,51.478542
25.9,0.325,0.376,0.005,0.149,0.107,0.492,0.001,0,0.002,0,1,0,0,0,0,541812,175812,0.040041573,51.463521
29.6,0.044,0.056,0.043,0.705,0.026,0.072,0.003,0.004,0,0,0,1,0,0,0,544207,174684,0.074034778,51.45278
25.5,0.524,0.46,0,0.142,0.116,0.147,0.054,0.005,0.137,0.004,0,0,0,0,0,532729,184224,-0.087468122,51.541316
27,0.475,0.671,0.008,0.123,0.175,0.138,0.129,0.039,0.203,0.004,0,0,0,0,0,534989,186680,-0.053957727,51.56285
29.3,0.223,0.222,0,0.392,0.227,0.23,0,0.01,0.003,0,0,0,0,0,0,533573,185985,-0.074637165,51.556942
27.9,0.325,0.395,0.001,0.067,0.119,0.418,0.001,0,0.008,0.001,0,1,0,0,0,533334,186486,-0.077892772,51.5615
25.6,0.631,0.543,0.015,0.109,0.206,0.174,0.009,0.026,0.016,0.004,1,0,0,0,0,536116,184152,-0.038686483,51.539863
26.5,0.422,0.433,0.026,0.092,0.225,0.427,0.027,0,0.013,0.006,0,1,0,0,0,536058,184503,-0.039386713,51.543031
27.9,0.524,0.403,0.012,0.173,0.029,0.092,0,0.025,0.057,0.01,0,0,0,0,0,522075,178198,-0.24310047,51.489562
26.3,0.648,0.519,0.02,0.249,0.133,0.215,0,0.029,0.028,0.01,0,0,0,0,0,524311,182698,-0.20932633,51.529517
27.3,0.493,0.545,0,0.184,0.044,0.22,0.017,0.053,0.035,0.009,0,0,0,0,0,524458,176337,-0.20945026,51.472318
27.4,0.611,0.328,0.017,0.341,0.134,0.103,0.007,0.003,0.007,0,0,0,0,0,0,526047,174326,-0.18730042,51.453893
30.5,0.086,0.163,0.014,0.498,0.042,0.044,0.015,0,0,0.002,0,1,0,0,0,525079,178835,-0.19962992,51.49463
29.9,0.142,0.181,0.024,0.602,0.061,0.071,0.01,0.001,0,0.028,1,0,0,0,0,526523,178357,-0.17901153,51.490014
31,0.037,0.315,0.011,0.584,0,0,0.01,0,0.003,0,0,1,0,0,0,526509,177061,-0.17967694,51.47837
25.6,0.492,0.567,0,0.08,0.097,0.177,0.013,0.008,0.097,0.005,0,0,0,0,0,532495,184367,-0.090786553,51.542656
26.7,0.488,0.284,0.014,0.384,0.088,0.128,0,0,0.072,0,0,0,0,0,0,530968,184678,-0.11267766,51.545807
27.6,0.547,0.505,0.029,0.214,0.061,0.134,0.001,0.006,0.085,0.001,0,0,0,0,0,530845,184015,-0.11469671,51.539877
27.3,0.448,0.774,0.013,0.056,0.098,0.187,0.027,0.007,0.29,0.014,0,0,0,0,0,532529,184924,-0.090086967,51.547653
26.6,0.527,0.507,0.005,0.143,0.23,0.19,0.033,0.003,0.092,0.013,0,0,0,0,0,529708,187206,-0.12990628,51.568815
27.6,0.485,0.538,0,0.217,0.022,0.119,0,0.024,0.189,0.013,0,0,0,0,0,533165,181950,-0.082043956,51.520778
26.9,0.392,0.452,0.027,0.148,0.109,0.278,0,0.004,0.033,0.007,0,1,0,0,0,528457,187636,-0.14778904,51.572966
26.5,0.478,0.28,0.011,0.238,0.103,0.206,0.032,0.005,0.047,0,0,1,0,0,0,528174,188600,-0.15151891,51.581693
28.5,0.328,0.56,0.034,0.234,0.069,0.085,0,0.019,0.04,0,0,0,0,0,0,526044,178138,-0.18598522,51.488152
29,0.336,0.591,0.033,0.242,0.045,0.135,0.02,0.003,0.009,0.012,0,1,0,0,0,529157,177749,-0.14131604,51.483955
28,0.406,0.476,0,0.176,0.131,0.184,0,0,0.024,0.009,0,1,0,0,0,524703,181761,-0.2040096,51.521009
31.2,0.099,0.454,0.042,0.546,0,0.064,0.015,0,0,0.033,0,1,0,0,0,525046,181537,-0.19914787,51.518921
25.5,0.451,0.299,0.005,0.116,0.33,0.228,0,0.013,0.02,0.008,0,0,0,0,0,530643,170088,-0.12275348,51.414767
26,0.624,0.438,0.098,0.123,0.158,0.285,0.009,0.005,0.017,0.036,0,0,0,0,0,530800,177016,-0.11793895,51.47699
26.4,0.799,0.485,0.017,0.114,0.259,0.211,0.022,0,0.059,0,0,0,0,0,0,529271,175518,-0.14049066,51.463879
25.6,0.312,0.411,0.039,0.113,0.191,0.305,0.005,0.014,0.045,0,1,0,0,0,0,533094,176247,-0.085215592,51.469545
27.6,0.327,0.141,0.021,0.269,0.218,0.066,0.018,0.004,0,0.012,0,0,1,0,0,532092,172254,-0.1011225,51.433896
28.2,0.222,0.394,0.008,0.073,0.172,0.342,0,0,0.003,0,0,1,0,0,0,529592,174957,-0.1360778,51.458764
28,0.142,0.52,0.047,0.236,0.04,0.208,0.022,0,0.007,0,0,1,0,0,0,531862,172375,-0.1043843,51.435037
27.8,0.309,0.236,0.046,0.168,0.222,0.144,0.03,0.021,0.026,0.014,0,0,0,0,0,532577,173779,-0.093578864,51.447488
28.3,0.244,0.25,0.094,0.067,0.182,0.503,0,0,0.034,0,1,0,0,0,0,529253,179214,-0.13939833,51.497098
27.9,0.276,0.197,0,0.036,0.451,0.299,0,0.009,0,0,1,0,0,0,0,529613,171599,-0.13700425,51.428582
28.4,0.243,0.149,0.068,0.401,0.104,0.083,0,0,0.021,0.003,0,0,0,0,0,532358,181435,-0.093861796,51.51634
26.7,0.43,0.354,0.027,0.187,0.15,0.204,0.009,0,0,0.055,0,0,0,0,0,538513,175583,-0.007507064,51.462279
27.9,0.257,0.187,0.015,0.292,0.168,0.056,0.008,0.021,0.008,0.016,0,0,0,0,0,535229,170381,-0.056735577,51.416325
25.8,0.389,0.381,0.044,0.263,0.193,0.142,0.002,0.03,0.026,0.007,0,0,0,0,0,537096,171936,-0.02930317,51.429851
26.4,0.438,0.138,0.023,0.366,0.186,0.131,0.013,0,0.009,0.006,0,0,0,0,0,538220,171794,-0.013200514,51.428302
27.4,0.227,0.127,0.034,0.294,0.2,0.094,0,0.009,0.005,0.006,0,0,0,0,0,535944,172038,-0.045824846,51.431045
25.7,0.276,0.293,0.006,0.133,0.298,0.266,0.004,0.018,0,0.015,0,0,0,0,0,535996,174743,-0.044038917,51.45534
27.8,0.387,0.384,0.072,0.139,0.217,0.256,0,0.015,0.038,0.049,0,0,0,0,0,536410,177303,-0.037097039,51.478246
26.4,0.283,0.353,0.015,0.177,0.253,0.245,0,0,0.008,0.005,1,0,0,0,0,539345,175547,0.004447481,51.461752
29,0.197,0.221,0,0.328,0.171,0.009,0.017,0.019,0,0,0,0,0,0,0,536453,175418,-0.037205376,51.461296
27.3,0.17,0.158,0.018,0.18,0.148,0.28,0.018,0,0.005,0,0,1,0,0,0,539921,172323,0.011459748,51.432639
27,0.286,0.386,0,0.192,0.241,0.139,0.018,0.014,0.024,0.005,0,0,0,0,0,534606,172531,-0.064873016,51.435794
27.5,0.218,0.125,0.031,0.443,0.122,0.096,0.028,0.004,0.004,0.01,0,0,0,0,0,533011,175010,-0.086874818,51.458448
28.4,0.307,0.516,0.022,0.191,0.154,0.361,0.008,0,0.018,0,1,0,0,0,0,532887,180683,-0.086525666,51.509458
27.9,0.115,0.142,0.032,0.033,0.178,0.625,0,0,0,0.007,0,1,0,0,0,534793,178241,-0.060009592,51.487062
28.5,0.294,0.462,0.023,0.287,0.085,0.281,0.001,0.004,0,0.006,0,1,0,0,0,532762,178250,-0.089240456,51.487623
27.3,0.32,0.657,0.02,0.088,0.085,0.514,0.008,0.007,0.008,0,0,1,0,0,0,532719,178521,-0.08975762,51.490068
27.5,0.225,0.514,0.016,0.091,0.017,0.413,0,0.004,0,0.006,0,1,0,0,0,531881,175399,-0.10298509,51.462208
27,0.569,0.586,0.052,0.154,0.003,0.114,0.023,0.007,0.529,0.001,0,0,0,0,0,536404,181462,-0.035577102,51.515621
27,0.712,0.663,0.032,0.258,0.001,0.029,0.007,0.014,0.552,0.018,0,0,0,0,0,536085,179659,-0.040866692,51.499495
27.6,0.605,0.665,0.058,0.19,0,0.081,0,0.016,0.627,0.009,0,0,0,0,0,535243,180732,-0.052578452,51.50934
27.8,0.537,0.918,0.041,0.007,0.021,0.038,0.003,0.003,0.965,0,0,0,0,0,0,536382,179684,-0.036580968,51.499649
26.8,0.598,0.987,0.003,0.028,0.018,0.006,0,0.007,0.974,0,0,0,0,0,0,534983,180817,-0.056290149,51.510166
25.5,0.617,0.983,0.045,0.031,0,0.046,0.007,0.015,0.91,0.005,0,0,0,0,0,537158,183442,-0.023947437,51.533231
26.4,0.64,0.629,0,0.175,0.055,0.073,0,0,0.417,0.009,0,0,0,0,0,533212,183413,-0.080814163,51.533914
26.9,0.569,0.826,0.034,0.127,0.02,0.036,0.008,0,0.732,0.009,0,0,0,0,0,535544,184198,-0.046911499,51.540414
26.3,0.615,0.992,0.017,0,0,0.086,0.001,0.018,0.853,0,0,0,0,0,0,535339,183488,-0.050138368,51.534083
27.6,0.38,0.205,0.04,0.28,0.152,0.202,0.009,0,0.038,0,0,1,0,0,0,534861,181101,-0.057938545,51.512747
27.3,0.581,0.648,0.039,0.294,0.011,0.017,0.005,0,0.538,0.025,0,0,1,0,0,538559,177356,-0.006150809,51.4782
27.2,0.54,0.774,0.019,0.05,0.039,0.015,0,0.012,0.763,0.007,0,0,0,0,0,534904,181171,-0.057292501,51.513366
28.3,0.545,0.817,0.01,0.046,0.06,0.097,0.007,0.004,0.697,0.023,1,0,0,0,0,534261,181966,-0.066250511,51.520663
28.1,0.385,0.389,0.017,0.201,0.092,0.212,0.012,0.005,0.069,0.024,0,1,0,0,0,536953,181602,-0.027615754,51.516746
28.2,0.37,0.152,0.052,0.533,0.163,0.105,0,0.004,0.061,0.015,1,0,0,0,0,533894,183812,-0.070835831,51.537339
27.1,0.239,0.565,0.023,0.056,0.161,0.157,0.065,0.177,0.066,0,0,0,0,0,0,528930,172268,-0.14657985,51.43475
27.9,0.404,0.339,0.02,0.251,0.141,0.057,0.005,0.023,0.055,0.007,0,0,0,0,0,527929,173998,-0.16034775,51.450524
26.5,0.514,0.391,0.025,0.172,0.139,0.073,0.001,0.002,0.029,0,0,0,0,0,0,528113,177401,-0.1564691,51.481065
28.5,0.15,0.105,0.027,0.447,0.075,0.136,0,0.061,0,0.005,1,0,0,0,0,524863,172903,-0.20483335,51.441367
29.7,0.127,0.314,0.045,0.39,0.054,0.048,0.064,0.076,0.021,0,0,0,0,0,0,529582,171643,-0.13743383,51.428984
29.1,0.186,0.352,0.003,0.229,0.111,0.127,0.04,0.12,0.013,0.006,0,0,0,0,0,528523,171486,-0.15271524,51.427814
26.7,0.355,0.172,0.021,0.378,0.091,0.091,0.008,0.054,0.038,0.009,0,0,0,0,0,521838,175306,-0.24750878,51.463621
26.8,0.285,0.626,0.04,0.146,0.151,0.286,0.009,0,0.01,0.008,0,1,0,0,0,528163,178084,-0.1555018,51.487191
26.2,0.278,0.402,0.01,0.107,0.14,0.203,0.001,0.017,0,0.02,0,1,0,0,0,522273,172286,-0.24229268,51.436386
26.5,0.395,0.462,0.048,0.211,0.214,0.22,0.001,0.089,0.02,0.003,0,0,0,0,0,526577,173176,-0.18008768,51.44344
27.5,0.559,0.696,0.034,0.11,0.046,0.11,0,0.003,0.154,0,0,0,0,0,0,526622,183159,-0.17586336,51.533147
29.7,0.199,0.417,0.037,0.325,0.104,0.246,0.005,0.004,0.008,0.038,1,0,0,0,0,529519,180525,-0.13508764,51.508819
30.4,0.441,0.539,0.066,0.357,0.031,0.085,0,0.026,0.007,0.044,1,0,0,0,0,529932,183463,-0.12805752,51.535127
28.4,0.294,0.21,0.025,0.083,0.118,0.243,0.018,0.009,0.087,0.01,0,0,0,1,0,528980,178204,-0.14369764,51.488084
26.9,0.41,0.669,0.061,0.167,0.049,0.149,0.011,0.02,0.04,0,1,0,0,0,0,523921,183240,-0.21475508,51.534473
27.5,0.381,0.479,0.038,0.163,0.13,0.123,0,0.003,0.023,0.004,0,1,0,0,0,525704,183623,-0.18892567,51.537521
27.6,0.24,0.192,0.049,0.569,0.035,0.075,0,0.032,0.012,0.014,0,0,0,0,0,549576,190453,0.15793632,51.593074
28.4,0.189,0.35,0.043,0.263,0.065,0.085,0.113,0.131,0.129,0.013,0,0,0,0,0,544711,185988,0.085916775,51.554224
26,0.777,0.384,0.043,0.371,0.056,0.132,0.022,0.029,0.049,0,0,0,0,0,0,547637,185650,0.12794863,51.55043
27.5,0.259,0.239,0.005,0.661,0.007,0.094,0.019,0.004,0.02,0.013,0,0,0,0,0,549291,187249,0.15246427,51.564362
26.8,0.474,0.673,0.005,0.297,0,0.196,0.047,0.126,0.07,0.007,0,0,0,0,0,543533,183444,0.067900603,51.531665
27.9,0.203,0.253,0.014,0.674,0.014,0.169,0.008,0,0.012,0.013,0,0,0,0,0,549056,187024,0.14898111,51.562402
27.2,0.335,0.231,0.015,0.655,0.027,0.165,0.006,0.014,0.008,0.011,0,0,0,0,0,549748,186678,0.15880948,51.55911
26.8,0.271,0.14,0.027,0.692,0,0.117,0.01,0.014,0.03,0,0,0,0,0,0,549516,184674,0.15461426,51.541166
27.4,0.109,0.183,0.032,0.342,0.061,0.33,0.018,0.009,0.003,0.009,0,1,0,0,0,549730,187722,0.15899435,51.568495
26.4,0.379,0.486,0.01,0.278,0.069,0.053,0.077,0.02,0.031,0.013,0,0,0,0,0,526406,192558,-0.17559666,51.617662
27.3,0.347,0.238,0.04,0.643,0.022,0.13,0.028,0.004,0,0.003,0,0,0,0,0,523561,194747,-0.21589636,51.637965
24.8,0.595,0.631,0.02,0.221,0.115,0.184,0.049,0.043,0.036,0.001,0,0,0,0,0,524376,185776,-0.20730298,51.557164
28.8,0.148,0.213,0.025,0.487,0.009,0.062,0.016,0.023,0.005,0.018,0,0,0,0,0,525520,197963,-0.18645005,51.666433
27.8,0.308,0.443,0.015,0.237,0.092,0.206,0.082,0.059,0.008,0.029,0,0,0,0,0,523418,191242,-0.21919532,51.606497
27.7,0.172,0.594,0.008,0.189,0.009,0.193,0.055,0.06,0.027,0.021,0,0,0,0,0,523766,188686,-0.21507344,51.583451
27.9,0.098,0.391,0.016,0.629,0.039,0,0.043,0.007,0.003,0.016,0,0,0,0,0,529223,196846,-0.13334951,51.655557
27.8,0.18,0.314,0.035,0.402,0,0.081,0.123,0.018,0.018,0.008,0,0,0,0,0,527212,192753,-0.16389053,51.619233
32.9,0.019,0.39,0,0.122,0,0.088,0.191,0.023,0.023,0.098,0,0,0,0,1,523673,186587,-0.21715325,51.564607
28.4,0.365,0.651,0.014,0.163,0.03,0.134,0.18,0.014,0.01,0.01,0,0,0,0,0,524693,187899,-0.20198023,51.576174
32.7,0.035,0.65,0,0.123,0,0.034,0.211,0.048,0.015,0.117,0,0,0,0,1,523347,196446,-0.21838868,51.653281
29.2,0.148,0.282,0.054,0.288,0.033,0.14,0.052,0.026,0.004,0.039,0,0,0,0,0,522062,194953,-0.23747457,51.640144
25.9,0.34,0.406,0.018,0.065,0.191,0.176,0.056,0.017,0,0.018,1,0,0,0,0,521317,188951,-0.25031059,51.586364
32.3,0.028,0.277,0,0.303,0.011,0.075,0.01,0,0.005,0.024,0,0,0,0,1,527957,190486,-0.15396206,51.598691
29.2,0.128,0.093,0.008,0.549,0,0.105,0.005,0.008,0.006,0.006,0,1,0,0,0,525785,193115,-0.1843617,51.622806
29.1,0.099,0.365,0.022,0.313,0,0.043,0.029,0.021,0.008,0.03,0,0,0,0,0,527124,195804,-0.16405415,51.646671
28.3,0.18,0.304,0.042,0.361,0.046,0.099,0.007,0.001,0,0,0,1,0,0,0,523773,190818,-0.21422118,51.602609
26.6,0.432,0.527,0,0.097,0.119,0.287,0.008,0,0.018,0.004,0,1,0,0,0,525545,189070,-0.18927354,51.586508
29.6,0.067,0,0.028,0.768,0,0.005,0,0.008,0,0.009,0,0,0,1,0,524032,189073,-0.21109966,51.58687
32.8,0.005,0.154,0.004,0.618,0,0.139,0.107,0,0.014,0.02,0,0,0,0,1,544882,174204,0.083546094,51.448295
31.8,0.013,0.136,0.005,0.505,0.015,0.243,0.036,0.023,0.007,0.047,0,0,0,0,1,549358,176390,0.14883279,51.466775
27.9,0.073,0.11,0.001,0.814,0.026,0.041,0.029,0.013,0.013,0.014,0,0,0,0,0,547975,173993,0.12793536,51.4456
31.7,0.032,0.016,0,0.705,0.002,0.104,0.027,0,0.014,0.023,0,0,0,0,1,546184,174553,0.1024132,51.451097
26.6,0.216,0.078,0.019,0.806,0.003,0.003,0.014,0,0.003,0,0,0,0,0,0,546134,176581,0.10253153,51.469332
27,0.124,0.093,0.02,0.789,0.03,0.062,0.037,0,0.011,0.015,0,0,0,0,0,549026,175355,0.1436209,51.457563
26.9,0.221,0.084,0.031,0.699,0.005,0.077,0.032,0.012,0.005,0.001,0,0,0,0,0,548534,174535,0.13620056,51.450324
26.8,0.144,0.111,0.045,0.784,0,0.077,0.032,0,0.004,0.019,0,0,0,0,0,545751,173025,0.095557489,51.437478
28.7,0.081,0.011,0.078,0.651,0.032,0.227,0,0.01,0.008,0.012,1,0,0,0,0,551499,178461,0.18051909,51.484814
27.9,0.071,0.157,0.029,0.39,0.011,0.327,0,0.004,0,0.007,0,1,0,0,0,549782,175588,0.15459277,51.459457
28.9,0.075,0.1,0.028,0.465,0.036,0.255,0.027,0.004,0,0,0,1,0,0,0,549170,173240,0.14480119,51.438521
32.2,0.031,0.047,0.012,0.739,0.015,0.078,0.046,0.005,0,0.005,0,0,0,0,1,551277,173979,0.17540798,51.444603
28.3,0.019,0.014,0.026,0.902,0,0,0.007,0.008,0.005,0.002,0,0,0,0,0,548703,174863,0.13876861,51.453227
27.3,0.358,0.649,0.027,0.025,0.107,0.179,0.165,0.065,0.038,0.009,0,0,0,0,0,517823,184884,-0.30208091,51.550553
30.2,0.037,0.129,0.028,0.03,0.012,0,0.01,0.001,0.008,0.009,0,0,0,1,0,519274,187194,-0.28038087,51.571009
28.5,0.173,0.599,0.018,0.094,0.106,0.066,0.373,0.068,0.013,0,0,0,0,0,0,518301,187739,-0.2942303,51.576112
26.1,0.477,0.633,0.009,0.023,0.256,0.2,0.112,0.06,0.031,0.003,0,0,0,0,0,519242,187760,-0.28065045,51.576103
27.4,0.248,0.673,0.014,0.082,0.05,0.12,0.293,0.112,0.022,0.003,0,0,0,0,0,519267,188492,-0.28004151,51.582676
27.3,0.191,0.538,0.055,0.253,0.114,0.077,0.059,0.068,0,0,0,0,0,0,0,523186,185838,-0.22443781,51.557982
27.2,0.287,0.127,0.031,0.13,0.191,0.097,0,0,0,0.003,0,1,0,0,0,522696,183128,-0.23244649,51.533734
26.6,0.243,0.795,0.005,0.02,0.091,0.164,0.441,0.035,0.025,0,0,0,0,0,0,519916,185115,-0.2718304,51.552189
27.8,0.285,0.363,0.03,0.158,0.116,0.269,0.018,0.001,0.003,0,0,1,0,0,0,517320,188124,-0.30825166,51.579777
26.3,0.298,0.288,0.055,0.176,0.147,0.126,0,0.009,0,0,0,1,0,0,0,521189,182981,-0.25421301,51.532738
25,0.392,0.757,0.008,0.102,0.08,0.164,0.056,0.225,0.045,0,0,0,0,0,0,520507,186497,-0.26283735,51.564483
24.7,0.574,0.894,0,0.028,0.025,0.223,0.036,0.122,0.014,0.002,0,0,0,0,0,522617,187456,-0.23207749,51.572647
27.3,0.299,0.382,0.02,0.043,0.171,0.154,0.214,0.069,0.01,0.024,0,0,0,0,0,519716,186558,-0.27422278,51.5652
27.1,0.271,0.125,0.013,0.496,0.162,0.079,0,0,0.038,0,0,0,0,0,0,537288,172103,-0.026478396,51.431305
27.8,0.166,0.083,0.053,0.612,0.116,0.106,0.017,0,0.007,0.007,1,0,0,0,0,544047,165814,0.068133325,51.373118
28.7,0.117,0.03,0.025,0.755,0.001,0.052,0.007,0,0.007,0,0,0,0,0,0,543793,170741,0.066480982,51.417455
26.8,0.186,0.016,0.016,0.902,0.005,0.013,0.01,0,0.008,0.004,0,0,0,0,0,546189,170076,0.10063894,51.410867
28.9,0.029,0.046,0.071,0.759,0,0.042,0.009,0.012,0,0.007,0,0,0,0,0,537501,168000,-0.025005995,51.394383
29.4,0.054,0.021,0.025,0.862,0,0,0,0,0.009,0,0,0,0,0,0,539958,164354,0.00885181,51.36102
26.2,0.276,0.15,0.046,0.544,0.131,0.124,0.015,0.001,0,0,0,0,0,0,0,536074,169501,-0.044929076,51.408215
32.6,0,0.087,0,0.527,0.013,0.072,0.104,0.005,0.006,0.046,0,0,0,0,1,544178,163864,0.069224067,51.355562
27.8,0.151,0.108,0.022,0.671,0.043,0.06,0,0,0.004,0.007,0,0,0,0,0,547579,170567,0.12081507,51.414919
28.1,0.03,0.008,0.029,0.815,0.014,0.02,0.003,0.007,0.005,0.001,0,0,0,0,0,539140,166201,-0.002167226,51.377818
28.4,0.15,0.029,0.023,0.737,0,0.058,0.014,0,0.015,0.014,0,0,0,0,0,543503,170879,0.062369251,51.418768
28.2,0.062,0,0.025,0.848,0.032,0.013,0,0.008,0.009,0,0,0,0,0,0,543138,159523,0.052555268,51.316817
33.1,0,0.131,0,0.575,0,0.016,0.067,0.005,0.006,0.044,0,0,0,0,1,547557,163712,0.11765337,51.35333
30.1,0.076,0.025,0.006,0.774,0.049,0,0.016,0.001,0.004,0.007,0,0,0,0,0,538788,169272,-0.006022091,51.4055
27.1,0.197,0.088,0.011,0.716,0.064,0.029,0.008,0.004,0.009,0,0,0,0,0,0,539161,167380,-0.001404162,51.388407
29.2,0.068,0.035,0.043,0.928,0,0,0.012,0,0.018,0.003,0,0,0,0,0,544854,163481,0.078769789,51.351949
26.6,0.342,0.059,0.057,0.82,0,0.04,0,0.001,0.018,0.01,0,0,0,0,0,546573,165707,0.10435418,51.37151
25.6,0.365,0.323,0.021,0.099,0.198,0.173,0.038,0.078,0.029,0,0,0,0,0,0,531488,171467,-0.11009839,51.426964
28.9,0.016,0.024,0,0.701,0.034,0.005,0.052,0.021,0,0,0,0,0,0,0,531693,162301,-0.11054737,51.344544
25.3,0.438,0.327,0.009,0.449,0.092,0.209,0.005,0.007,0,0,0,0,0,0,0,538004,162145,-0.02005164,51.341646
25,0.394,0.165,0.027,0.404,0.155,0.134,0.001,0.022,0.003,0.01,0,0,0,0,0,536801,165733,-0.035933565,51.37418
26.1,0.329,0.197,0.016,0.361,0.127,0.171,0.006,0,0.015,0,0,0,0,0,0,533262,164107,-0.087357381,51.360409
26.4,0.368,0.068,0.017,0.762,0.068,0.04,0,0.019,0.009,0,0,0,0,0,0,538393,160483,-0.015115513,51.326617
28.2,0.083,0.035,0.022,0.51,0.231,0.206,0,0.009,0.003,0.008,1,0,0,0,0,533949,164325,-0.077413977,51.362206
28.2,0.096,0.149,0.006,0.421,0.21,0.206,0.009,0,0.01,0.006,1,0,0,0,0,532018,163641,-0.1053871,51.356511
25.9,0.344,0.556,0.011,0.028,0.172,0.334,0.026,0.078,0.022,0,0,1,0,0,0,531603,166928,-0.11012775,51.386147
28,0.093,0.018,0.003,0.762,0.015,0,0.029,0,0,0.002,0,0,0,0,0,531958,161553,-0.10702172,51.337761
27,0.256,0.106,0.006,0.543,0.088,0.047,0.008,0.004,0.01,0,0,0,0,0,0,538116,168073,-0.016143539,51.39489
28.8,0.136,0.334,0,0.132,0.101,0.277,0.063,0.101,0,0.005,0,1,0,0,0,530278,171122,-0.12761943,51.424143
27.6,0.224,0.295,0.007,0.338,0.106,0.172,0.031,0.005,0,0.008,0,1,0,0,0,529951,161257,-0.13592526,51.335562
30,0.014,0.063,0.012,0.54,0.008,0.11,0.034,0,0.004,0,0,1,0,0,0,535841,164551,-0.050168803,51.363788
28.4,0.216,0.177,0.006,0.115,0.248,0.087,0.07,0.126,0.024,0.007,0,0,0,0,0,529559,170374,-0.13822801,51.417585
28.2,0.188,0.269,0.013,0.499,0.121,0.066,0.006,0.018,0.014,0.018,0,0,0,0,0,533758,166195,-0.079452667,51.379056
26.3,0.252,0.476,0.022,0.164,0.157,0.138,0.204,0.036,0.019,0.005,0,0,0,0,0,530143,168675,-0.13045734,51.402183
28.4,0.198,0.168,0.009,0.169,0.138,0.348,0.019,0.032,0,0.008,0,1,0,0,0,531122,169755,-0.11599253,51.411664
27.7,0.284,0.896,0.002,0,0.01,0.132,0.448,0.198,0.014,0.009,0,0,0,0,0,511608,179391,-0.3934169,51.502445
26.7,0.324,0.444,0.01,0.139,0.033,0.201,0.16,0.168,0.003,0.002,0,0,0,0,0,513404,181768,-0.36678866,51.523452
26.5,0.348,0.824,0.02,0.027,0.029,0.276,0.382,0.123,0.001,0.006,0,0,0,0,0,512807,179955,-0.37596971,51.507276
26.3,0.458,0.424,0.018,0.202,0.148,0.099,0.028,0.023,0.008,0.002,0,0,0,0,0,517852,178193,-0.3038984,51.490412
28.6,0.233,0.27,0.024,0.428,0.078,0.018,0.044,0.035,0.003,0,0,0,0,0,0,515656,180807,-0.33465802,51.514358
28.3,0.131,0.045,0.05,0.278,0.198,0.117,0.052,0.045,0.005,0,1,0,0,0,0,521036,180831,-0.25715558,51.513448
28.8,0.13,0.171,0.045,0.42,0.089,0.061,0.053,0.002,0,0.001,0,1,0,0,0,515326,180250,-0.33959356,51.50942
27,0.263,0.556,0.014,0.189,0.112,0.114,0.133,0.082,0.003,0,0,0,0,0,0,517189,180527,-0.31266897,51.511526
26.4,0.281,0.53,0.013,0.063,0.036,0.188,0.288,0.129,0.004,0,0,0,0,0,0,514058,182861,-0.35701249,51.533144
27.6,0.295,0.607,0.024,0.15,0.091,0.111,0.137,0.095,0.018,0.025,0,0,0,0,0,520217,181746,-0.26864049,51.521846
28.3,0.273,0.353,0.022,0.319,0.046,0.148,0.055,0.022,0.011,0.012,0,0,0,0,0,517295,182134,-0.31060787,51.525947
26.5,0.318,0.398,0.001,0.369,0.082,0.106,0.051,0.047,0,0.003,0,0,0,0,0,513856,184171,-0.35950016,51.544958
27.7,0.275,0.327,0.009,0.196,0.109,0.093,0.027,0.003,0.031,0.005,0,0,0,0,0,534801,194925,-0.053502563,51.636986
26.9,0.392,0.502,0.026,0.326,0.071,0.117,0.01,0.015,0.074,0.007,0,0,0,0,0,533536,196614,-0.071126724,51.652465
27.9,0.327,0.443,0.024,0.151,0.138,0.106,0.034,0.018,0.025,0,0,0,0,0,0,533375,195564,-0.073852558,51.643068
25.2,0.501,0.648,0.009,0.158,0.123,0.2,0.001,0.003,0.047,0.008,0,0,0,0,0,532203,192040,-0.092109284,51.611677
28.8,0.136,0.312,0.03,0.3,0.061,0.033,0.032,0.024,0.004,0.023,0,0,0,0,0,529513,195713,-0.12957884,51.645309
28.2,0.184,0.359,0.009,0.293,0.111,0.134,0.019,0.041,0.038,0.005,0,0,0,0,0,534355,198331,-0.058635974,51.667699
28.5,0.251,0.228,0.027,0.577,0.039,0.075,0.003,0.006,0.015,0,0,0,0,0,0,534581,199227,-0.055025172,51.675696
26.3,0.488,0.336,0.018,0.356,0.112,0.117,0.011,0,0,0,0,0,0,0,0,536626,199192,-0.025481883,51.674889
25.6,0.413,0.62,0.035,0.343,0.037,0.105,0.008,0.007,0.028,0.009,0,0,0,0,0,536983,196348,-0.021435818,51.649246
29,0.08,0.076,0.011,0.493,0.049,0.038,0.021,0,0.007,0.009,0,0,0,0,0,529146,194778,-0.13522472,51.63699
28.6,0.19,0.262,0,0.093,0.238,0.394,0.002,0,0,0,1,0,0,0,0,534062,196816,-0.063450659,51.654155
28.9,0.186,0.231,0,0.129,0.11,0.339,0.025,0,0,0.006,0,1,0,0,0,531640,190634,-0.1007627,51.599174
32.4,0.036,0.283,0,0.328,0.021,0.056,0.031,0.011,0.019,0.072,0,0,0,0,1,531606,192735,-0.10046535,51.618062
27.1,0.283,0.562,0,0.11,0.072,0.122,0.068,0.049,0.029,0.009,0,0,0,0,0,529009,193375,-0.1377197,51.624414
25.2,0.614,0.697,0,0.172,0.091,0.184,0.02,0.005,0.027,0.004,0,0,0,0,0,535114,197443,-0.04801074,51.659538
28.7,0.178,0.333,0.023,0.252,0.067,0.342,0,0,0,0,0,1,0,0,0,533644,197411,-0.069262165,51.659601
28.9,0.156,0.182,0.007,0.499,0.069,0.059,0.024,0.016,0.033,0.011,0,0,0,0,0,532472,196786,-0.086432534,51.654262
26.9,0.428,0.724,0.011,0.031,0.089,0.189,0.012,0.048,0.097,0.006,0,0,0,0,0,528848,188023,-0.14200836,51.576355
28.7,0.224,0.274,0.058,0.024,0.027,0.065,0,0.027,0,0.018,0,0,0,0,0,530454,189608,-0.11825742,51.590229
25.1,0.536,0.618,0.019,0.144,0.158,0.201,0.011,0.007,0.019,0,0,0,0,0,0,533282,190077,-0.077281006,51.593782
30.6,0.165,0.129,0.02,0.534,0.005,0.044,0.006,0.024,0,0,0,0,0,0,0,527248,188614,-0.16487097,51.582029
26.1,0.497,0.582,0.055,0.064,0.181,0.208,0.062,0.032,0.009,0,0,0,0,0,0,534906,188559,-0.054433578,51.579755
24.1,0.566,0.576,0.035,0.068,0.074,0.16,0.004,0.021,0,0.004,0,0,0,0,0,531129,192301,-0.10751338,51.614273
27.8,0.192,0.358,0.029,0.382,0.096,0.099,0.021,0.007,0.007,0.015,0,0,0,0,0,528167,190021,-0.15110151,51.594465
25.8,0.525,0.639,0.005,0.09,0.105,0.229,0,0,0.086,0,0,0,0,0,0,531178,188927,-0.10806665,51.583941
25.1,0.287,0.467,0.032,0,0.25,0.32,0.029,0,0,0,0,1,0,0,0,531631,190870,-0.10080408,51.601296
26.1,0.272,0.19,0.024,0.001,0.485,0.428,0.003,0.005,0.001,0.008,0,0,0,1,0,532428,191423,-0.089094605,51.606079
29.3,0.095,0.236,0.025,0.383,0.078,0.071,0.025,0.005,0,0.01,0,1,0,0,0,516243,191131,-0.32279242,51.607025
28.6,0.152,0.169,0.016,0.334,0.06,0.081,0.015,0.01,0.008,0,0,1,0,0,0,513492,189527,-0.36301894,51.59317
27.9,0.037,0.027,0.027,0.882,0,0.003,0.015,0,0,0,0,0,0,0,0,555118,188104,0.2368413,51.570472
27,0.157,0.051,0.022,0.888,0.008,0.016,0,0,0,0,0,0,0,0,0,555543,187953,0.24290189,51.568999
27.8,0.186,0.033,0.012,0.792,0.013,0.067,0.004,0,0,0.006,0,0,0,0,0,550011,185048,0.16190594,51.544395
28.4,0.068,0.087,0.007,0.791,0.024,0.062,0.019,0.019,0.009,0,0,0,0,0,0,553614,187250,0.21478428,51.563211
27.9,0.137,0.073,0.031,0.744,0.026,0.07,0,0.01,0,0.005,0,0,0,0,0,553117,184082,0.20624216,51.534882
26.6,0.14,0.09,0.014,0.683,0,0.006,0.054,0.008,0,0,0,0,0,0,0,552573,182679,0.19779777,51.522424
26.8,0.311,0.088,0.019,0.767,0,0.043,0.008,0.005,0.014,0,0,0,0,0,0,555109,188081,0.2367014,51.570268
28.6,0.059,0,0,0.848,0.039,0.057,0,0,0,0,0,0,0,0,0,554770,184500,0.23023935,51.538188
28.1,0.111,0.036,0.04,0.878,0.025,0.019,0.003,0.007,0,0.006,0,0,0,0,0,553403,191128,0.2134353,51.598111
27,0.154,0.088,0.023,0.703,0.028,0.069,0.025,0,0.009,0.001,0,0,0,0,0,551730,185159,0.18672405,51.544933
26.1,0.373,0.048,0.007,0.861,0,0.039,0,0,0,0.005,0,0,0,0,0,554180,190826,0.22451193,51.595185
27,0.196,0.041,0,0.792,0.043,0.018,0.008,0.003,0.001,0.014,0,0,0,0,0,553093,193423,0.2099644,51.618815
29.7,0.08,0.039,0.011,0.54,0.042,0.138,0.022,0,0.019,0.008,1,0,0,0,0,547854,187810,0.13198365,51.569781
29.1,0.056,0.008,0.013,0.803,0,0.065,0.011,0,0,0,0,1,0,0,0,553008,189903,0.20720318,51.587212
28.1,0.055,0.068,0.014,0.724,0.013,0.019,0.033,0.025,0.003,0.005,0,0,0,0,0,550538,190027,0.17163081,51.588991
29.1,0.064,0,0.017,0.88,0,0.071,0,0,0.004,0,0,0,0,0,0,553734,186506,0.21618907,51.556494
31,0.017,0.036,0.01,0.883,0,0,0.016,0.006,0,0.033,0,0,0,1,0,556625,188041,0.25854002,51.56949
29.5,0.029,0.008,0.005,0.816,0.03,0.073,0,0,0.002,0.003,0,1,0,0,0,556418,188220,0.25563534,51.571156
28.1,0.122,0.127,0.039,0.776,0,0.036,0.036,0.022,0,0,0,0,0,0,0,509267,185540,-0.42522491,51.558169
29,0.029,0.065,0.027,0.76,0.027,0,0.006,0.01,0,0.019,1,0,0,0,0,509322,186318,-0.42419017,51.565151
28.7,0.151,0.992,0.019,0.011,0,0,0.829,0.002,0,0.003,0,0,0,1,0,513037,181589,-0.37213366,51.521916
28.6,0.123,0.182,0.045,0.678,0.015,0.038,0.066,0.052,0.007,0.003,0,0,0,0,0,506591,181047,-0.46516994,51.518297
29.1,0.075,0.155,0.018,0.655,0.013,0.024,0.113,0.004,0,0.004,0,0,0,0,0,511749,191108,-0.387667,51.607727
29,0.048,0.156,0.011,0.724,0.056,0.024,0.1,0.018,0.019,0.01,0,0,0,0,0,508696,186422,-0.43318579,51.566207
28.3,0.165,0.18,0.021,0.644,0.02,0.039,0.063,0.009,0,0.009,0,0,0,0,0,510650,183825,-0.40582236,51.542486
26.9,0.335,0.378,0,0.534,0,0.092,0.098,0.063,0.045,0,0,0,0,0,0,504816,184815,-0.48962162,51.552496
25.7,0.39,0.27,0,0.217,0.235,0.029,0.072,0.008,0.007,0,0,0,0,0,0,510220,191363,-0.40965746,51.61032
25,0.457,0.595,0.029,0.22,0.018,0.272,0.112,0,0.005,0,0,0,0,0,0,510122,182510,-0.41384387,51.53077
26.1,0.252,0.211,0.047,0.606,0.017,0.042,0.145,0.031,0.007,0.003,0,0,0,0,0,509686,183706,-0.41975456,51.541604
28.2,0.128,0.227,0.007,0.483,0.067,0.06,0.049,0.013,0.013,0,0,1,0,0,0,505975,185731,-0.47263585,51.560513
27.4,0.319,0.202,0.025,0.654,0.028,0.119,0.03,0.025,0.028,0.005,0,0,0,0,0,509215,183847,-0.42649977,51.542963
28,0.06,0.165,0.008,0.442,0.088,0.095,0.118,0.054,0.027,0.008,0,0,0,0,0,506286,183748,-0.46874973,51.542631
25.9,0.428,0.625,0.018,0.24,0,0.183,0.222,0.034,0.031,0,0,0,0,0,0,509076,177381,-0.43050197,51.484873
26.9,0.325,0.269,0.018,0.32,0.024,0.154,0.121,0.07,0,0,0,0,0,0,0,512850,182592,-0.37450683,51.530969
27.7,0.36,0.244,0.01,0.38,0.074,0.076,0.034,0.017,0.009,0,0,0,0,0,0,520285,178364,-0.26881324,51.491437
25.8,0.291,0.637,0.011,0.279,0,0.123,0.079,0.061,0.035,0,0,0,0,0,0,514168,177054,-0.35730535,51.48093
27.6,0.229,0.161,0.012,0.767,0.032,0.041,0.034,0.027,0,0.009,0,0,0,0,0,509012,171970,-0.43308971,51.43625
26.7,0.351,0.251,0.02,0.662,0.045,0.016,0.038,0.025,0.002,0,0,0,0,0,0,510462,171724,-0.41231451,51.433758
28.1,0.314,0.538,0.01,0.303,0,0.075,0.06,0.136,0.035,0,0,0,0,0,0,517795,175901,-0.30548265,51.469824
28.6,0.289,0.767,0.026,0.066,0.033,0.022,0.513,0.15,0.033,0.005,0,0,0,0,0,513937,175719,-0.3610605,51.468977
28.7,0.158,0.726,0.034,0.131,0,0.088,0.384,0.144,0.018,0,0,0,0,0,0,511582,175610,-0.39498493,51.468467
28.9,0.213,0.761,0.016,0.104,0.013,0.113,0.33,0.151,0.027,0,0,0,0,0,0,514008,174726,-0.36035868,51.460038
26.9,0.304,0.867,0.012,0.066,0.015,0.147,0.409,0.17,0,0.002,0,0,0,0,0,511967,178151,-0.38863992,51.491229
28.2,0.173,0.477,0,0.409,0,0.107,0.089,0.096,0.024,0.002,0,0,1,0,0,513462,176490,-0.36764869,51.476002
29.4,0.157,0.356,0,0.311,0.098,0.062,0.109,0.052,0.01,0.022,1,0,0,0,0,514670,178210,-0.34970442,51.491218
28.7,0.087,0.316,0.026,0.427,0.026,0.032,0.067,0,0,0.005,0,1,0,0,0,512478,174918,-0.382311,51.46207
29.4,0.069,0.261,0,0.462,0.038,0.018,0.02,0.01,0.002,0.006,0,1,0,0,0,516096,175996,-0.32990092,51.471029
28.7,0.232,0.502,0.007,0.209,0.08,0.143,0,0,0.007,0,0,1,0,0,0,516619,177088,-0.3220144,51.480736
29.1,0.115,0.258,0.025,0.582,0,0,0.043,0.043,0.007,0.005,0,0,0,0,0,520028,167373,-0.27623647,51.39271
26.4,0.213,0.067,0.043,0.771,0.034,0.016,0.004,0,0,0,0,0,0,0,0,518549,162269,-0.29918446,51.347147
28,0.148,0.258,0.002,0.59,0,0.048,0.014,0.053,0.009,0.028,0,0,0,0,0,519748,165872,-0.28076458,51.379279
32.7,0.028,0.465,0.001,0.325,0.017,0.028,0.181,0.021,0.026,0.069,0,0,0,0,1,518903,172003,-0.29084707,51.434559
27.5,0.132,0.332,0.019,0.602,0.006,0.047,0.029,0.036,0.003,0.02,0,0,0,0,0,519764,163976,-0.28117302,51.362235
32.8,0.008,0.344,0.007,0.329,0,0,0.202,0,0.012,0.043,0,0,0,0,1,519321,168868,-0.285891,51.406295
29.7,0.05,0.068,0.053,0.765,0,0.009,0.016,0,0.003,0,0,1,0,0,0,518850,165635,-0.2937407,51.377337
28.7,0.113,0.14,0.026,0.599,0.019,0.031,0,0,0,0,0,1,0,0,0,521940,168411,-0.24841284,51.401632
28.1,0.193,0.238,0.009,0.622,0,0.052,0.012,0.058,0.032,0,0,0,0,0,0,521944,167694,-0.24860151,51.395187
28.3,0.106,0.143,0.043,0.663,0.024,0.016,0.016,0.012,0.013,0.006,0,0,0,0,0,516923,167994,-0.32063912,51.398939
27.8,0.173,0.301,0.017,0.472,0.075,0.106,0.017,0.122,0.034,0.008,0,0,0,0,0,525131,172370,-0.20116755,51.436517
27.3,0.208,0.182,0.05,0.62,0.037,0.055,0.011,0.047,0.008,0,0,0,0,0,0,520977,170239,-0.26162681,51.418267
25.2,0.234,0.267,0.008,0.516,0.071,0.102,0.016,0.045,0.007,0.006,0,0,0,0,0,527428,166872,-0.17011314,51.386595
27.8,0.197,0.439,0.019,0.311,0.018,0.105,0.017,0.082,0.052,0.009,0,0,1,0,0,526444,168166,-0.18378612,51.398445
28.9,0.094,0.171,0.077,0.47,0.017,0.112,0.005,0,0,0.013,0,1,0,0,0,523934,170181,-0.21914445,51.417107
28.4,0.113,0.322,0.009,0.357,0.073,0.079,0.024,0.002,0,0,0,1,0,0,0,522625,170228,-0.23794279,51.417814
27.5,0.424,0.715,0.006,0.106,0.022,0.138,0.144,0.156,0.258,0,0,0,0,0,0,542259,184840,0.050109889,51.544532
26.3,0.448,0.853,0.001,0.045,0.024,0.14,0.11,0.17,0.351,0,0,0,0,0,0,544518,186194,0.083219505,51.556124
24.3,0.504,0.456,0,0.058,0.063,0.056,0.089,0.113,0.228,0,0,0,0,0,0,538603,182920,-0.003333256,51.528188
27.4,0.436,0.352,0,0.063,0.013,0.087,0.104,0.205,0.308,0.001,0,0,0,0,0,542010,183709,0.046065657,51.534431
27.3,0.496,0.796,0,0.095,0.057,0.135,0.156,0.185,0.198,0.004,0,0,0,0,0,544470,184858,0.081979422,51.544132
27,0.754,0.527,0.028,0.197,0.082,0.198,0.081,0.077,0.162,0,0,0,0,0,0,543192,180259,0.061695009,51.503133
27,0.308,0.926,0.006,0.031,0.005,0.022,0.219,0.334,0.267,0,0,0,0,0,0,542684,182845,0.055426743,51.526498
26.9,0.452,0.478,0.024,0.289,0.067,0.214,0.013,0.019,0.099,0.002,0,0,0,0,0,541152,183370,0.033567899,51.5316
25.9,0.527,0.468,0.007,0.199,0.146,0.203,0.025,0.048,0.137,0,0,0,0,0,0,541383,183582,0.036980962,51.533448
27.3,0.373,0.718,0,0.089,0.073,0.208,0.057,0.116,0.262,0.008,0,0,0,0,0,537925,185481,-0.012098147,51.551367
25.6,0.491,0.382,0.015,0.343,0.056,0.197,0.002,0.003,0.066,0.02,0,0,0,0,0,543281,182169,0.063751959,51.520273
27.1,0.37,0.518,0.011,0.105,0.096,0.212,0.018,0.061,0.078,0.008,0,0,0,0,0,543014,183265,0.060350843,51.530189
28.3,0.294,0.428,0.017,0.086,0.121,0.305,0.041,0.001,0,0.008,0,1,0,0,0,541577,186499,0.040948726,51.55961
28.2,0.238,0.504,0.011,0.096,0.161,0.326,0.031,0,0,0.002,0,1,0,0,0,541279,182945,0.035227258,51.52775
28.2,0.289,0.922,0.006,0.015,0.041,0.099,0.344,0.24,0.186,0.006,0,0,0,0,0,542180,183201,0.048310057,51.529824
28.1,0.151,0.439,0.031,0.378,0.052,0.032,0.128,0.06,0.087,0.003,0,0,0,0,0,542382,189400,0.053728048,51.585475
31.9,0.025,0.479,0.001,0.036,0.009,0.003,0.238,0.235,0.091,0.003,0,0,0,0,1,542508,188180,0.05505081,51.574481
28.7,0.118,0.212,0.016,0.459,0.072,0.041,0.079,0.109,0.067,0.007,0,0,0,0,0,539800,187733,0.015821886,51.571141
32.3,0.088,0.85,0,0.041,0.011,0,0.178,0.181,0.109,0,0,0,0,0,1,538695,193240,0.002063064,51.620899
26.7,0.498,0.697,0.008,0.025,0.016,0.168,0.14,0.341,0.111,0,0,0,0,0,0,545205,185333,0.092766976,51.548212
28.6,0.172,0.292,0.006,0.49,0.075,0.045,0.034,0.039,0.054,0.019,0,0,0,0,0,541358,190637,0.03945569,51.596848
28.9,0.147,0.715,0.036,0.046,0.032,0.066,0.227,0.147,0.184,0.029,0,0,0,0,0,542213,191395,0.052098278,51.603444
29.2,0.207,0.748,0.051,0.042,0.044,0.061,0.22,0.196,0.115,0.006,0,0,0,0,0,545038,189243,0.091972353,51.583387
28.2,0.28,0.752,0.044,0.068,0.034,0.058,0.246,0.234,0.119,0,0,0,0,0,0,542411,186948,0.053153176,51.563435
27.5,0.354,0.755,0.009,0.098,0.021,0.173,0.231,0.148,0.176,0,0,0,0,0,0,547895,186687,0.13210267,51.55968
26.5,0.39,0.415,0.004,0.325,0.074,0.112,0.028,0.08,0.053,0.006,0,0,0,0,0,546779,192536,0.11845885,51.612525
27.6,0.212,0.461,0.02,0.277,0.044,0.086,0.156,0.095,0.06,0.004,0,0,0,0,0,545582,188782,0.09962741,51.579105
30.4,0.027,0.081,0.032,0.667,0.048,0.064,0,0,0,0.012,0,1,0,0,0,540861,194441,0.033812632,51.631153
28.1,0.123,0.048,0.029,0.825,0.009,0.014,0,0.01,0,0.006,0,0,0,1,0,544182,188754,0.079425678,51.579213
28.2,0.165,0.345,0.011,0.174,0.131,0.207,0.098,0.083,0.042,0,0,1,0,0,0,543127,187422,0.063668493,51.567513
28.1,0.165,0.458,0.008,0.204,0.084,0.186,0.149,0.061,0.002,0,0,1,0,0,0,545892,188574,0.10401172,51.577156
28.6,0.167,0.552,0.013,0.198,0.112,0.083,0.23,0.13,0.118,0,0,0,0,0,0,547427,189927,0.126715,51.588914
28.3,0.209,0.156,0.008,0.71,0.036,0,0.008,0.002,0.023,0.001,0,0,0,0,0,515557,174034,-0.33829824,51.453505
28.7,0.14,0.245,0.041,0.71,0.029,0.011,0.038,0.01,0.02,0.02,0,0,0,0,0,516309,175017,-0.32715747,51.462186
27.3,0.162,0.2,0.06,0.749,0,0.042,0.019,0.019,0,0.014,0,0,0,0,0,511971,171721,-0.39061654,51.433435
29.6,0.104,0.13,0.042,0.774,0.03,0,0.008,0.004,0.012,0.005,0,0,0,0,0,517339,171558,-0.31348357,51.430885
27.6,0.264,0.145,0.052,0.754,0.035,0,0.008,0.016,0,0.006,0,0,0,0,0,512806,174683,-0.37766649,51.459892
27.6,0.309,0.185,0.014,0.461,0.065,0.151,0,0.034,0.009,0,0,0,0,0,0,521211,175065,-0.25661261,51.46159
30.1,0.123,0.159,0.012,0.648,0,0.015,0.028,0.009,0.017,0.014,0,0,0,0,0,514262,170945,-0.35792353,51.426004
28.4,0.139,0.003,0.043,0.579,0.051,0.036,0.007,0.001,0,0.004,1,0,0,0,0,519989,176166,-0.27382075,51.471745
26.8,0.233,0.066,0.022,0.697,0.031,0.041,0.008,0.014,0.007,0.02,0,0,0,0,0,527568,167426,-0.16790344,51.391543
26.6,0.234,0.062,0.017,0.649,0.029,0.009,0.003,0.02,0.006,0.009,0,0,0,0,0,528512,163098,-0.15590672,51.352434
28.4,0.128,0.122,0.045,0.768,0.008,0.045,0.011,0,0,0.013,0,0,0,0,0,527615,166025,-0.16773126,51.378941
28.4,0.133,0.057,0.029,0.802,0,0.037,0,0.018,0.001,0.002,0,0,0,0,0,525626,165603,-0.19644426,51.375592
26.4,0.188,0.093,0.023,0.847,0.03,0.005,0,0.013,0.013,0.007,0,0,0,0,0,530205,163511,-0.13145739,51.355761
28.3,0.098,0.096,0.052,0.686,0,0.034,0.03,0.014,0.006,0.014,0,0,0,0,0,526810,164162,-0.17995578,51.362379
32.4,0.019,0.327,0.014,0.369,0.03,0.034,0.118,0.02,0.009,0.019,0,0,0,0,1,530618,163005,-0.12571512,51.351119
32.1,0.059,0.46,0,0.312,0,0.041,0.127,0.047,0.01,0.063,0,0,0,0,1,522950,161910,-0.23614755,51.342987
29.7,0.018,0.049,0.011,0.688,0.063,0.062,0.006,0,0.002,0,0,1,0,0,0,528995,162603,-0.1491538,51.347876
28.7,0.017,0.074,0.014,0.809,0.041,0.017,0.026,0,0.01,0.003,0,0,0,0,0,525759,164148,-0.19504866,51.362486
32.5,0.012,0.256,0,0.601,0,0,0.02,0.048,0.009,0.064,0,0,0,0,1,524600,166383,-0.21090436,51.382828
32.4,0.038,0.336,0.001,0.445,0,0.111,0.11,0,0.015,0.024,0,0,0,0,1,528509,163343,-0.15586136,51.354637
29.8,0.06,0.13,0.011,0.577,0.054,0.061,0.013,0,0,0,0,1,0,0,0,527793,162763,-0.16634633,51.349586
32.3,0.039,0.25,0,0.401,0,0.097,0.135,0.038,0.032,0.009,0,0,0,0,1,528576,165981,-0.15394655,51.378329
26.3,0.481,0.516,0.014,0.138,0.15,0.048,0.016,0.115,0.05,0.027,0,0,0,0,0,537746,187921,-0.013722952,51.573336
26.6,0.438,0.501,0.032,0.135,0.111,0.128,0.007,0.171,0.027,0,0,0,0,0,0,538606,191317,1.85623e-05,51.603641
26.8,0.237,0.619,0.017,0.085,0.157,0.149,0.102,0.282,0.03,0.006,0,0,0,0,0,540900,185229,0.030680821,51.548368
25.2,0.574,0.804,0.026,0.059,0.074,0.217,0.025,0.319,0.04,0.012,0,0,0,0,0,538462,185999,-0.004154282,51.55589
27.6,0.229,0.07,0.048,0.477,0.053,0.019,0,0.043,0.018,0.009,0,0,0,0,0,541142,195279,0.038207433,51.638613
27.2,0.411,0.736,0.02,0.022,0.124,0.126,0.157,0.347,0.008,0,0,0,0,0,0,540071,187275,0.019547212,51.566959
27.3,0.427,0.436,0.018,0.18,0,0.103,0.01,0.303,0.027,0.008,0,0,0,0,0,536342,190880,-0.032821491,51.600267
28.6,0.315,0.373,0.002,0.273,0.152,0.053,0.017,0.119,0.022,0.004,0,0,0,0,0,538996,188477,0.004522512,51.578026
27.6,0.213,0.316,0.026,0.194,0.125,0.075,0.038,0.342,0.012,0.007,0,0,0,0,0,535770,187479,-0.042389197,51.569843
26.9,0.316,0.472,0,0.236,0.167,0.132,0.01,0.105,0.02,0,0,0,0,0,0,538157,191575,-0.006359028,51.60607
25.9,0.357,0.428,0.029,0.109,0.01,0.069,0.092,0.401,0.033,0.006,0,0,0,0,0,537827,187422,-0.01275045,51.568832
25.6,0.417,0.636,0,0.133,0.069,0.161,0.103,0.071,0.041,0,0,0,0,0,0,538518,186885,-0.002998281,51.563838
28.1,0.218,0.38,0.026,0.11,0.19,0.231,0.037,0,0,0,0,1,0,0,0,540033,190931,0.020456165,51.59982
28.1,0.145,0.161,0.046,0.548,0.068,0.029,0.039,0.03,0.009,0,0,0,0,0,0,538443,193814,-0.001348053,51.626119
28.6,0.156,0.235,0.028,0.577,0.058,0.007,0,0.016,0.006,0.009,0,0,0,0,0,538384,193125,-0.002471794,51.619942
